
CREATE TABLE IF NOT EXISTS classrooms (
    id varchar(255) not null,
    capacity integer not null,
    name varchar(255),
    primary key (id)
);

CREATE TABLE IF NOT EXISTS classroom_caracteristics (
    classroom_id varchar(255) not null,
    caracteristics varchar(255)
);

CREATE TABLE IF NOT EXISTS courses (
    id varchar(255) not null,
    capacity integer not null,
    capacity_used integer not null,
    location varchar(255),
    name varchar(255),
    shift integer,
    primary key (id)
);

CREATE TABLE IF NOT EXISTS course_curricular_units (
    course_id varchar(255) not null,
    curricular_units varchar(255)
);


CREATE TABLE IF NOT EXISTS curricular_units (
    id varchar(255) not null,
    name varchar(255),
    primary key (id)
);

insert into courses values ( '68835901-12e2-46df-bd41-b4f1f0536f69', 50, 25, 'Edificio 2', 'MEI', 0 );
insert into courses values ( 'cd4c4961-8b69-4b42-bbab-a8106522360e', 50, 40, 'Edificio 2', 'Administração Pública', 0 );
insert into courses values ( '592c2a09-137a-4565-bc0f-0e151f3d3733', 50, 18, 'Edificio 2', 'BI', 0 );
insert into courses values ( 'ebaff3de-6fe6-4dc9-b8cf-a584faf6a916', 50, 10, 'Edificio 2', 'Arquitetura', 0 );


insert into  curricular_units values ( '492066f1-4cc0-4b62-8e99-def335dcfcb8', 'ADS' );
insert into  curricular_units values ( '10fbbb5c-044e-4ace-bb53-c11dc3f57ad3', 'EUVI' );
insert into  curricular_units values ( '90fe09c0-aab6-4b32-bf52-a74533c58582', 'CYBER' );
insert into  curricular_units values ( 'e3916260-5321-4208-85b5-f09f0541d49b', 'IAA' );

insert into course_curricular_units values ( '68835901-12e2-46df-bd41-b4f1f0536f69', '492066f1-4cc0-4b62-8e99-def335dcfcb8' );
insert into course_curricular_units values ( '68835901-12e2-46df-bd41-b4f1f0536f69', '10fbbb5c-044e-4ace-bb53-c11dc3f57ad3' );
insert into course_curricular_units values ( '68835901-12e2-46df-bd41-b4f1f0536f69', '90fe09c0-aab6-4b32-bf52-a74533c58582' );
insert into course_curricular_units values ( '68835901-12e2-46df-bd41-b4f1f0536f69', 'e3916260-5321-4208-85b5-f09f0541d49b' );

insert into classrooms values ('92C27B3B-A9F0-4848-83F7-EB88A73205FC',80,'Auditório_Afonso_de_Barros' );
insert into classrooms values ('7E685D38-E725-4622-A4C3-110408A87F2C',54,'Auditório_Silva_Leal' );
insert into classrooms values ('A5D3B48B-2672-408F-9B12-C2F00AC03062',50,'AA2.23' );
insert into classrooms values ('CA4B5767-BC49-4CAF-9BC4-7096EE3EF68E',30,'AA2.24' );
insert into classrooms values ('40846C53-7A54-47B4-9B10-C97459C43B90',38,'AA2.25' );
insert into classrooms values ('5C51E991-8BF6-427B-AC4B-AB0A86333FBB',38,'AA2.26' );
insert into classrooms values ('756BB49D-D6FE-4241-9AFA-1F152E7D0320',30,'AA2.28' );
insert into classrooms values ('C2AD1E75-839F-4C02-B915-94DC67FA56AC',50,'AA2.29' );
insert into classrooms values ('FDFEDF00-EEAA-46E3-83A6-891127426C44',50,'AA3.23' );
insert into classrooms values ('602ED136-2D23-4B94-9690-A00C56118CDF',28,'AA3.24' );
insert into classrooms values ('FDF79EA8-CB65-4AF3-AE67-5FC90F47CCBB',38,'AA3.25' );
insert into classrooms values ('C2CC6C88-1AA2-4672-963A-05ACB4C45ED4',30,'AA3.26' );
insert into classrooms values ('5C365890-8FD5-4787-B15A-C73B02686A45',48,'AA3.28' );
insert into classrooms values ('0EB9E645-5835-4026-80BC-1E85EA4D3E15',50,'AA3.29' );
insert into classrooms values ('7AF5B286-6DCA-4F87-B8E8-CFDDAD5C8195',24,'AA3.30' );
insert into classrooms values ('D56F54F2-91F7-45E5-BBD5-8476EE28A36F',10,'AA3.32' );
insert into classrooms values ('8B13B189-4374-4638-943B-44635E9DD0C0',32,'AA3.40' );
insert into classrooms values ('65C5AAEE-56F2-4A30-B1DA-DC3B221B6F86',10,'AA4.07' );
insert into classrooms values ('B4C8B1DE-7D66-4A39-92AE-C88B9886F42F',1,'C0.08' );
insert into classrooms values ('4822B1E8-85E8-48CA-814D-9494E81561BC',2,'D0.01' );
insert into classrooms values ('FBB275E3-10EA-4C30-8C77-B62234E11AD6',15,'D0.03' );
insert into classrooms values ('640D22C9-C4DF-4FFD-9251-594ED8993BF7',6,'D0.05' );
insert into classrooms values ('69218066-8C45-4781-8048-69A7260CE540',41,'Espaço_Exposições' );
insert into classrooms values ('78F56BAC-640C-46A4-8BDD-028D44BCFF7C',1,'A1' );
insert into classrooms values ('4EEB5F41-F8D7-4BC6-BF77-DEE8A8D8C1DB',204,'Auditório_B1.03' );
insert into classrooms values ('F4763C79-1D2C-4AC1-99D1-9749A2E16039',192,'Auditório_B1.04' );
insert into classrooms values ('E9DC73D6-479C-4924-9B57-37A645CA4446',70,'Auditório_C1.03' );
insert into classrooms values ('4E4B5AAD-C04D-4F3B-835C-8C2B72A599DE',60,'Auditório_C1.04' );
insert into classrooms values ('5954EEE3-5B4A-48C1-B546-60C1DE899BB4',29,'B1' );
insert into classrooms values ('C1312C80-D366-4866-BDB8-A87CC942E1BF',12,'B1.01' );
insert into classrooms values ('3DEDBA56-C202-40BC-B3F4-6D9A8DE65F45',1,'B1.02' );
insert into classrooms values ('84C0FB31-0C32-4FED-B2F2-95D8F17E49BF',1,'Balcão_Receção' );
insert into classrooms values ('1970DE92-50B2-4F32-B352-5AB985D76C00',1,'C1' );
insert into classrooms values ('332B4359-F8DE-4D60-9542-DF1371485B8B',35,'C1.01' );
insert into classrooms values ('6B0E7399-CBB8-4E1A-8563-3AB2CA126C33',35,'D1.01' );
insert into classrooms values ('F4C3F421-77A9-434F-A061-484EC51EF4E6',27,'D1.02' );
insert into classrooms values ('1D8FBAC4-9223-4E4D-934A-9FF79143E11A',20,'D1.03' );
insert into classrooms values ('0834F1AD-FA04-455B-9E79-C7F781149455',23,'D1.04' );
insert into classrooms values ('F6676C44-8439-4E34-ACF2-C8CA55407E19',30,'D1.05' );
insert into classrooms values ('4AC0CD99-03B0-4E5E-B08C-BC38D8ED89A6',28,'D1.06' );
insert into classrooms values ('CA7BD10C-4593-4142-9FCF-A376F6C00B8E',27,'D1.07' );
insert into classrooms values ('9723DBA2-3712-4E75-A738-9DF12FA70A31',10,'D1.08' );
insert into classrooms values ('666FFBCA-C38D-413E-A6A5-5DD1D333FAC2',50,'D1.09' );
insert into classrooms values ('0CE33C42-4A4D-4F18-908A-B99168F367E7',20,'D1.10' );
insert into classrooms values ('F773C7C1-0D39-408E-A9CB-CB54788B998C',22,'D1.11' );
insert into classrooms values ('5B873C19-D9C9-4EDA-827E-B17682FB75B9',27,'D1.12' );
insert into classrooms values ('0DA9CB9F-88BA-4402-B3E7-30184EDDF985',27,'D1.14' );
insert into classrooms values ('BFCBDEB3-0139-42CF-913D-91E1121A4679',498,'Grande_Auditório' );
insert into classrooms values ('FC070B14-849A-46C8-A22F-06ACFFD0F10B',180,'Auditório_B2.03' );
insert into classrooms values ('C1FC6C19-E2AA-4B27-AAA8-1D4CAF32565F',192,'Auditório_B2.04' );
insert into classrooms values ('B9FD07AD-D0C5-4518-940F-56BFD300717F',1,'B2' );
insert into classrooms values ('8EC9CD05-0E13-4485-96D8-69E099C62C7F',50,'B2.01' );
insert into classrooms values ('81E7A122-E402-49B3-B2F3-5CECAB907137',52,'B2.02' );
insert into classrooms values ('657F0282-E6CC-4170-8075-00EC104EA3E3',52,'C2.01' );
insert into classrooms values ('B111E014-CAE3-4E4D-9FF5-9C6424AA5B54',34,'C2.02' );
insert into classrooms values ('24583B79-6937-4915-BB9B-F90241914538',6,'C2.03' );
insert into classrooms values ('59B1EBFE-D84A-4140-9CC0-FA39C8F73224',24,'C2.05' );
insert into classrooms values ('1C697EED-C92C-46C9-8E7D-096D5563B9B8',8,'D2.16' );
insert into classrooms values ('E884636A-4B0B-49D6-A24C-20DDB4C847C5',60,'B3.01' );
insert into classrooms values ('90B5F2F5-F3C2-4703-B643-A3001B2F14ED',60,'B3.02' );
insert into classrooms values ('F59DC2D0-2A92-48C9-8DB4-687BB4F8AC92',60,'B3.03' );
insert into classrooms values ('E6D7F7EE-17BF-49A0-AEE7-0A3CF1C1D45D',60,'B3.04' );
insert into classrooms values ('B868762C-B012-40F9-ACC8-7D2A64DEC642',60,'B3.05' );
insert into classrooms values ('D3C33F8D-C9BD-4671-8259-8CED860113A9',60,'B3.06' );
insert into classrooms values ('A8F63008-738F-4EDA-9ECF-1C7E139F4DFA',52,'C3.01' );
insert into classrooms values ('385665EA-FB17-473B-BC79-D4D83308FA1B',34,'C3.02' );
insert into classrooms values ('CA59A4C0-B358-40DB-8FD5-F2B0BEEFAB50',10,'C3.03' );
insert into classrooms values ('94E4F1B5-1707-473A-9E41-123F625F411F',8,'D3.16' );
insert into classrooms values ('F2972757-A05F-4346-B6F6-6417945DCC4E',52,'C4.01' );
insert into classrooms values ('445223EC-A1C1-4DA1-AC9D-39F303A04F8B',50,'C4.02' );
insert into classrooms values ('869A2949-F7EA-46D4-ABAD-321E2CC12F44',13,'C4.03' );
insert into classrooms values ('2677CD10-CD12-4F58-B709-B74119BDC8B1',9,'C4.04' );
insert into classrooms values ('FBC0429F-FB77-4391-A0FC-1536C1339100',32,'C4.05' );
insert into classrooms values ('47A9A84F-244B-496B-9C64-41018C86FC7C',70,'C4.06' );
insert into classrooms values ('7B5E0CD2-60F6-41C9-8D32-4DB4C6EB7A30',68,'C4.07' );
insert into classrooms values ('1B1E9909-11AB-4740-ADAD-EDF3A5EC06D5',60,'C4.08' );
insert into classrooms values ('BC80B982-3BDA-4B52-A8E9-AF5199F751BA',20,'C4.09' );
insert into classrooms values ('2287097D-9DCD-414C-835E-F3669E62F8E1',60,'C5.01' );
insert into classrooms values ('6B5FCF21-B9DF-4C7F-9D75-F512D8AC592F',50,'C5.02' );
insert into classrooms values ('5E3F1C22-B65F-44AE-8664-4493FD225D80',8,'C5.03' );
insert into classrooms values ('B21DFF2A-9743-4ADD-BE24-8A735C845FAA',6,'C5.04' );
insert into classrooms values ('6C944B5B-A68C-4CDB-BC13-500C0B0D97F5',34,'C5.05' );
insert into classrooms values ('D2C41CF8-7DA6-40F0-8775-FC49A51DFB32',72,'C5.06' );
insert into classrooms values ('F81DB3EE-F0FE-45F4-9363-4E90154F4476',70,'C5.07' );
insert into classrooms values ('2CE874EF-5196-4BE8-B431-EEF82BBE6BB3',60,'C5.08' );
insert into classrooms values ('5259D9B1-19F5-41EF-8E39-0CF8FA251DCE',60,'C5.09' );
insert into classrooms values ('C7ECFAA3-E755-4766-A448-2FCA213ABE4A',54,'C6.01' );
insert into classrooms values ('38D32DB7-4A5E-4F2C-A1BB-374740332468',40,'C6.02' );
insert into classrooms values ('D61E5F91-2DA4-43DF-B2DB-63C9977033E6',12,'C6.06' );
insert into classrooms values ('D9788800-C7FE-4067-98C8-AD0EB2F2B410',56,'C6.07' );
insert into classrooms values ('A0C98408-EC51-4428-80DB-C199EF8B7AB0',56,'C6.08' );
insert into classrooms values ('E7718744-3673-48B8-83F4-AFB5672DA7E7',12,'C6.09' );
insert into classrooms values ('C60618A5-9C22-4809-8A12-7426FC05C4DC',84,'C6.10' );
insert into classrooms values ('48FAB044-426E-4F22-9F62-48724CE61B27',16,'C7.05' );
insert into classrooms values ('2C58D72B-0062-40B1-BE21-ED43C0DB8576',16,'C7.06' );
insert into classrooms values ('8C871808-E52E-401B-AFFF-0CBC77FFDBA8',16,'C7.07' );
insert into classrooms values ('A651C1E1-F07F-40D6-A834-7585D22B5884',16,'C7.08' );
insert into classrooms values ('4AE4035A-F78A-48D4-8AE7-288ABD493D42',16,'C7.09' );
insert into classrooms values ('1289B53F-1464-4213-B302-C1E78074B27F',16,'C7.10' );
insert into classrooms values ('4E569689-5E77-4743-B407-608B6CAAF8BA',12,'0E05' );
insert into classrooms values ('CFDA32E8-E346-41B8-9313-AEDBBAE50A40',12,'0E07.1' );
insert into classrooms values ('B0B3A921-9F34-4111-9520-E6DE94099214',1,'0NE' );
insert into classrooms values ('13F7BFAE-CF3B-41B8-9523-6A7BBF78D255',41,'0S01' );
insert into classrooms values ('7B1AC594-A185-45EB-9B00-9EA4D0FA27EA',41,'0S02' );
insert into classrooms values ('9566A0D2-F014-4C55-9899-2858895F8987',72,'Auditório_0NE01' );
insert into classrooms values ('6E35DDC7-BCBB-4E46-A8F4-EEA1AC898A9B',89,'Auditório_0NE02-Caiano_Pereira' );
insert into classrooms values ('94A02690-6463-417C-AACC-C4EEFE9022F1',89,'Auditório_0NE03_-_Mário_Murteira' );
insert into classrooms values ('B5BA2BD5-5EBD-456E-B0C5-0D1288F82CEF',50,'1E02' );
insert into classrooms values ('268C562B-2521-4877-AD8B-8DDED07A1A33',52,'1E03' );
insert into classrooms values ('3D3E2564-202E-43E0-B7F0-2BE1B3632F80',50,'1E04' );
insert into classrooms values ('4674CC02-257F-48BC-9A16-AE8BE82487E1',52,'1E05' );
insert into classrooms values ('7CF41C16-F0C4-474A-991C-49A71BD1A0BC',50,'1E06' );
insert into classrooms values ('30737136-9BCE-48C0-ADBD-A308C4DB06E8',50,'1E07' );
insert into classrooms values ('0FE7E0A6-15D0-4069-9FA3-4BABFBE97B47',50,'1E08' );
insert into classrooms values ('7D4A7622-7A8E-4E78-9596-7D22696F70C0',48,'1E10' );
insert into classrooms values ('2C76984B-422A-4166-9B2E-A8F0A3C5A742',1,'1NE00' );
insert into classrooms values ('A0606B42-BA62-41E1-89D5-5970D5C0298F',129,'Auditório_1' );
insert into classrooms values ('407DF8FF-E675-4E0A-8EB0-44CCB42C2DA9',296,'Auditório_1NE03_-_JJ_Laginha' );
insert into classrooms values ('ADAE3F06-FDAB-4FD2-8B69-2EC43A7E9BBF',50,'2E02' );
insert into classrooms values ('07C61337-C23D-4C32-B9C0-1A235970DD90',52,'2E03' );
insert into classrooms values ('BDB7BB4A-248D-4B0C-B838-6886E20073C8',50,'2E04' );
insert into classrooms values ('BDC2F431-C39E-416D-AA73-CA90349B0865',50,'2E05' );
insert into classrooms values ('2D986C06-AC14-40C3-A589-7EEA3765F6FD',50,'2E06' );
insert into classrooms values ('3D0E05D2-BD6F-4C0E-BE50-C49F1E7AEE1C',50,'2E07' );
insert into classrooms values ('961E9F1E-9300-4992-97B9-20BD92F237B7',50,'2E08' );
insert into classrooms values ('9AA89D27-64C7-414F-86A0-6C03D43AF8A4',48,'2E10' );
insert into classrooms values ('9D8C65D5-97A8-44FA-99C1-D798CA39D3F3',129,'Auditório_2' );
insert into classrooms values ('85C08336-A02B-444B-88BC-94C3E1490549',250,'Auditório_4' );
insert into classrooms values ('79689361-A4C1-4884-94D4-4B97F0FCAC65',1,'Balneário_feminino' );
insert into classrooms values ('C7DE0559-AFBA-4B2B-810F-2E64B5606245',1,'Balneário_masculino' );
insert into classrooms values ('5CADD1A8-D580-40C2-912C-A46D74D07337',1,'Campo' );

insert into classroom_caracteristics values ('92C27B3B-A9F0-4848-83F7-EB88A73205FC', 'Horário_sala_visível_portal_público');
insert into classroom_caracteristics values ('92C27B3B-A9F0-4848-83F7-EB88A73205FC', 'Sala_Aulas_Mestrado');
insert into classroom_caracteristics values ('92C27B3B-A9F0-4848-83F7-EB88A73205FC', 'Sala_Aulas_Mestrado_Plus');
insert into classroom_caracteristics values ('92C27B3B-A9F0-4848-83F7-EB88A73205FC', 'Sala_de_Aulas_normal');
insert into classroom_caracteristics values ('7E685D38-E725-4622-A4C3-110408A87F2C', 'Horário_sala_visível_portal_público');
insert into classroom_caracteristics values ('7E685D38-E725-4622-A4C3-110408A87F2C', 'Sala_Aulas_Mestrado');
insert into classroom_caracteristics values ('7E685D38-E725-4622-A4C3-110408A87F2C', 'Sala_Aulas_Mestrado_Plus');
insert into classroom_caracteristics values ('7E685D38-E725-4622-A4C3-110408A87F2C', 'Sala_de_Aulas_normal');
insert into classroom_caracteristics values ('A5D3B48B-2672-408F-9B12-C2F00AC03062', 'Horário_sala_visível_portal_público');
insert into classroom_caracteristics values ('A5D3B48B-2672-408F-9B12-C2F00AC03062', 'Sala_Aulas_Mestrado');
insert into classroom_caracteristics values ('A5D3B48B-2672-408F-9B12-C2F00AC03062', 'Sala_Aulas_Mestrado_Plus');
insert into classroom_caracteristics values ('A5D3B48B-2672-408F-9B12-C2F00AC03062', 'Sala_NEE');
insert into classroom_caracteristics values ('A5D3B48B-2672-408F-9B12-C2F00AC03062', 'Sala_de_Aulas_normal');
insert into classroom_caracteristics values ('CA4B5767-BC49-4CAF-9BC4-7096EE3EF68E', 'Horário_sala_visível_portal_público');
insert into classroom_caracteristics values ('CA4B5767-BC49-4CAF-9BC4-7096EE3EF68E', 'Sala_Aulas_Mestrado');
insert into classroom_caracteristics values ('CA4B5767-BC49-4CAF-9BC4-7096EE3EF68E', 'Sala_Aulas_Mestrado_Plus');
insert into classroom_caracteristics values ('CA4B5767-BC49-4CAF-9BC4-7096EE3EF68E', 'Sala_de_Aulas_normal');
insert into classroom_caracteristics values ('40846C53-7A54-47B4-9B10-C97459C43B90', 'Horário_sala_visível_portal_público');
insert into classroom_caracteristics values ('40846C53-7A54-47B4-9B10-C97459C43B90', 'Sala_Aulas_Mestrado');
insert into classroom_caracteristics values ('40846C53-7A54-47B4-9B10-C97459C43B90', 'Sala_Aulas_Mestrado_Plus');
insert into classroom_caracteristics values ('40846C53-7A54-47B4-9B10-C97459C43B90', 'Sala_de_Aulas_normal');
insert into classroom_caracteristics values ('5C51E991-8BF6-427B-AC4B-AB0A86333FBB', 'Horário_sala_visível_portal_público');
insert into classroom_caracteristics values ('5C51E991-8BF6-427B-AC4B-AB0A86333FBB', 'Sala_Aulas_Mestrado');
insert into classroom_caracteristics values ('5C51E991-8BF6-427B-AC4B-AB0A86333FBB', 'Sala_Aulas_Mestrado_Plus');
insert into classroom_caracteristics values ('5C51E991-8BF6-427B-AC4B-AB0A86333FBB', 'Sala_de_Aulas_normal');
insert into classroom_caracteristics values ('756BB49D-D6FE-4241-9AFA-1F152E7D0320', 'Horário_sala_visível_portal_público');
insert into classroom_caracteristics values ('756BB49D-D6FE-4241-9AFA-1F152E7D0320', 'Sala_Aulas_Mestrado');
insert into classroom_caracteristics values ('756BB49D-D6FE-4241-9AFA-1F152E7D0320', 'Sala_Aulas_Mestrado_Plus');
insert into classroom_caracteristics values ('756BB49D-D6FE-4241-9AFA-1F152E7D0320', 'Sala_de_Aulas_normal');
insert into classroom_caracteristics values ('C2AD1E75-839F-4C02-B915-94DC67FA56AC', 'Horário_sala_visível_portal_público');
insert into classroom_caracteristics values ('C2AD1E75-839F-4C02-B915-94DC67FA56AC', 'Sala_Aulas_Mestrado');
insert into classroom_caracteristics values ('C2AD1E75-839F-4C02-B915-94DC67FA56AC', 'Sala_Aulas_Mestrado_Plus');
insert into classroom_caracteristics values ('C2AD1E75-839F-4C02-B915-94DC67FA56AC', 'Sala_de_Aulas_normal');
insert into classroom_caracteristics values ('FDFEDF00-EEAA-46E3-83A6-891127426C44', 'Horário_sala_visível_portal_público');
insert into classroom_caracteristics values ('FDFEDF00-EEAA-46E3-83A6-891127426C44', 'Sala_Aulas_Mestrado');
insert into classroom_caracteristics values ('FDFEDF00-EEAA-46E3-83A6-891127426C44', 'Sala_Aulas_Mestrado_Plus');
insert into classroom_caracteristics values ('FDFEDF00-EEAA-46E3-83A6-891127426C44', 'Sala_de_Aulas_normal');
insert into classroom_caracteristics values ('602ED136-2D23-4B94-9690-A00C56118CDF', 'Horário_sala_visível_portal_público');
insert into classroom_caracteristics values ('602ED136-2D23-4B94-9690-A00C56118CDF', 'Sala_Aulas_Mestrado');
insert into classroom_caracteristics values ('602ED136-2D23-4B94-9690-A00C56118CDF', 'Sala_Aulas_Mestrado_Plus');
insert into classroom_caracteristics values ('602ED136-2D23-4B94-9690-A00C56118CDF', 'Sala_de_Aulas_normal');
insert into classroom_caracteristics values ('FDF79EA8-CB65-4AF3-AE67-5FC90F47CCBB', 'Horário_sala_visível_portal_público');
insert into classroom_caracteristics values ('FDF79EA8-CB65-4AF3-AE67-5FC90F47CCBB', 'Sala_Aulas_Mestrado');
insert into classroom_caracteristics values ('FDF79EA8-CB65-4AF3-AE67-5FC90F47CCBB', 'Sala_Aulas_Mestrado_Plus');
insert into classroom_caracteristics values ('FDF79EA8-CB65-4AF3-AE67-5FC90F47CCBB', 'Sala_de_Aulas_normal');
insert into classroom_caracteristics values ('C2CC6C88-1AA2-4672-963A-05ACB4C45ED4', 'Horário_sala_visível_portal_público');
insert into classroom_caracteristics values ('C2CC6C88-1AA2-4672-963A-05ACB4C45ED4', 'Sala_Aulas_Mestrado');
insert into classroom_caracteristics values ('C2CC6C88-1AA2-4672-963A-05ACB4C45ED4', 'Sala_Aulas_Mestrado_Plus');
insert into classroom_caracteristics values ('C2CC6C88-1AA2-4672-963A-05ACB4C45ED4', 'Sala_de_Aulas_normal');
insert into classroom_caracteristics values ('5C365890-8FD5-4787-B15A-C73B02686A45', 'Horário_sala_visível_portal_público');
insert into classroom_caracteristics values ('5C365890-8FD5-4787-B15A-C73B02686A45', 'Sala_Aulas_Mestrado');
insert into classroom_caracteristics values ('5C365890-8FD5-4787-B15A-C73B02686A45', 'Sala_Aulas_Mestrado_Plus');
insert into classroom_caracteristics values ('5C365890-8FD5-4787-B15A-C73B02686A45', 'Sala_de_Aulas_normal');
insert into classroom_caracteristics values ('0EB9E645-5835-4026-80BC-1E85EA4D3E15', 'Horário_sala_visível_portal_público');
insert into classroom_caracteristics values ('0EB9E645-5835-4026-80BC-1E85EA4D3E15', 'Sala_Aulas_Mestrado');
insert into classroom_caracteristics values ('0EB9E645-5835-4026-80BC-1E85EA4D3E15', 'Sala_Aulas_Mestrado_Plus');
insert into classroom_caracteristics values ('0EB9E645-5835-4026-80BC-1E85EA4D3E15', 'Sala_de_Aulas_normal');
insert into classroom_caracteristics values ('7AF5B286-6DCA-4F87-B8E8-CFDDAD5C8195', 'Horário_sala_visível_portal_público');
insert into classroom_caracteristics values ('7AF5B286-6DCA-4F87-B8E8-CFDDAD5C8195', 'Sala_Aulas_Mestrado');
insert into classroom_caracteristics values ('7AF5B286-6DCA-4F87-B8E8-CFDDAD5C8195', 'Sala_Aulas_Mestrado_Plus');
insert into classroom_caracteristics values ('7AF5B286-6DCA-4F87-B8E8-CFDDAD5C8195', 'Sala_de_Aulas_normal');
insert into classroom_caracteristics values ('D56F54F2-91F7-45E5-BBD5-8476EE28A36F', 'Horário_sala_visível_portal_público');
insert into classroom_caracteristics values ('D56F54F2-91F7-45E5-BBD5-8476EE28A36F', 'Sala_Reunião');
insert into classroom_caracteristics values ('8B13B189-4374-4638-943B-44635E9DD0C0', 'Horário_sala_visível_portal_público');
insert into classroom_caracteristics values ('8B13B189-4374-4638-943B-44635E9DD0C0', 'Sala_Aulas_Mestrado');
insert into classroom_caracteristics values ('8B13B189-4374-4638-943B-44635E9DD0C0', 'Sala_Aulas_Mestrado_Plus');
insert into classroom_caracteristics values ('8B13B189-4374-4638-943B-44635E9DD0C0', 'Sala_de_Aulas_normal');
insert into classroom_caracteristics values ('65C5AAEE-56F2-4A30-B1DA-DC3B221B6F86', 'Horário_sala_visível_portal_público');
insert into classroom_caracteristics values ('B4C8B1DE-7D66-4A39-92AE-C88B9886F42F', 'Horário_sala_visível_portal_público');
insert into classroom_caracteristics values ('4822B1E8-85E8-48CA-814D-9494E81561BC', 'Horário_sala_visível_portal_público');
insert into classroom_caracteristics values ('4822B1E8-85E8-48CA-814D-9494E81561BC', 'videoconferencia');
insert into classroom_caracteristics values ('FBB275E3-10EA-4C30-8C77-B62234E11AD6', 'Focus_Group');
insert into classroom_caracteristics values ('FBB275E3-10EA-4C30-8C77-B62234E11AD6', 'Horário_sala_visível_portal_público');
insert into classroom_caracteristics values ('640D22C9-C4DF-4FFD-9251-594ED8993BF7', 'Focus_Group');
insert into classroom_caracteristics values ('640D22C9-C4DF-4FFD-9251-594ED8993BF7', 'Horário_sala_visível_portal_público');
insert into classroom_caracteristics values ('69218066-8C45-4781-8048-69A7260CE540', 'Horário_sala_visível_portal_público');
insert into classroom_caracteristics values ('78F56BAC-640C-46A4-8BDD-028D44BCFF7C', 'Horário_sala_visível_portal_público');
insert into classroom_caracteristics values ('78F56BAC-640C-46A4-8BDD-028D44BCFF7C', 'Átrio');
insert into classroom_caracteristics values ('4EEB5F41-F8D7-4BC6-BF77-DEE8A8D8C1DB', 'Anfiteatro_aulas');
insert into classroom_caracteristics values ('4EEB5F41-F8D7-4BC6-BF77-DEE8A8D8C1DB', 'Horário_sala_visível_portal_público');
insert into classroom_caracteristics values ('4EEB5F41-F8D7-4BC6-BF77-DEE8A8D8C1DB', 'Sala_Aulas_Mestrado');
insert into classroom_caracteristics values ('4EEB5F41-F8D7-4BC6-BF77-DEE8A8D8C1DB', 'Sala_Aulas_Mestrado_Plus');
insert into classroom_caracteristics values ('4EEB5F41-F8D7-4BC6-BF77-DEE8A8D8C1DB', 'Sala_de_Aulas_normal');
insert into classroom_caracteristics values ('4EEB5F41-F8D7-4BC6-BF77-DEE8A8D8C1DB', 'videoconferencia');
insert into classroom_caracteristics values ('F4763C79-1D2C-4AC1-99D1-9749A2E16039', 'Anfiteatro_aulas');
insert into classroom_caracteristics values ('F4763C79-1D2C-4AC1-99D1-9749A2E16039', 'Horário_sala_visível_portal_público');
insert into classroom_caracteristics values ('F4763C79-1D2C-4AC1-99D1-9749A2E16039', 'Sala_Aulas_Mestrado');
insert into classroom_caracteristics values ('F4763C79-1D2C-4AC1-99D1-9749A2E16039', 'Sala_Aulas_Mestrado_Plus');
insert into classroom_caracteristics values ('F4763C79-1D2C-4AC1-99D1-9749A2E16039', 'Sala_de_Aulas_normal');
insert into classroom_caracteristics values ('F4763C79-1D2C-4AC1-99D1-9749A2E16039', 'videoconferencia');
insert into classroom_caracteristics values ('E9DC73D6-479C-4924-9B57-37A645CA4446', 'Horário_sala_visível_portal_público');
insert into classroom_caracteristics values ('E9DC73D6-479C-4924-9B57-37A645CA4446', 'Sala_Aulas_Mestrado');
insert into classroom_caracteristics values ('E9DC73D6-479C-4924-9B57-37A645CA4446', 'Sala_Aulas_Mestrado_Plus');
insert into classroom_caracteristics values ('E9DC73D6-479C-4924-9B57-37A645CA4446', 'Sala_de_Aulas_normal');
insert into classroom_caracteristics values ('E9DC73D6-479C-4924-9B57-37A645CA4446', 'videoconferencia');
insert into classroom_caracteristics values ('4E4B5AAD-C04D-4F3B-835C-8C2B72A599DE', 'Horário_sala_visível_portal_público');
insert into classroom_caracteristics values ('4E4B5AAD-C04D-4F3B-835C-8C2B72A599DE', 'Sala_Aulas_Mestrado');
insert into classroom_caracteristics values ('4E4B5AAD-C04D-4F3B-835C-8C2B72A599DE', 'Sala_Aulas_Mestrado_Plus');
insert into classroom_caracteristics values ('4E4B5AAD-C04D-4F3B-835C-8C2B72A599DE', 'Sala_de_Aulas_normal');
insert into classroom_caracteristics values ('4E4B5AAD-C04D-4F3B-835C-8C2B72A599DE', 'videoconferencia');
insert into classroom_caracteristics values ('5954EEE3-5B4A-48C1-B546-60C1DE899BB4', 'Horário_sala_visível_portal_público');
insert into classroom_caracteristics values ('5954EEE3-5B4A-48C1-B546-60C1DE899BB4', 'Átrio');
insert into classroom_caracteristics values ('C1312C80-D366-4866-BDB8-A87CC942E1BF', 'Horário_sala_visível_portal_público');
insert into classroom_caracteristics values ('C1312C80-D366-4866-BDB8-A87CC942E1BF', 'Sala_Reunião');
insert into classroom_caracteristics values ('3DEDBA56-C202-40BC-B3F4-6D9A8DE65F45', 'Horário_sala_visível_portal_público');
insert into classroom_caracteristics values ('3DEDBA56-C202-40BC-B3F4-6D9A8DE65F45', 'Sala_Reunião');
insert into classroom_caracteristics values ('84C0FB31-0C32-4FED-B2F2-95D8F17E49BF', 'Horário_sala_visível_portal_público');
insert into classroom_caracteristics values ('1970DE92-50B2-4F32-B352-5AB985D76C00', 'Horário_sala_visível_portal_público');
insert into classroom_caracteristics values ('1970DE92-50B2-4F32-B352-5AB985D76C00', 'Átrio');
insert into classroom_caracteristics values ('332B4359-F8DE-4D60-9542-DF1371485B8B', 'Horário_sala_visível_portal_público');
insert into classroom_caracteristics values ('332B4359-F8DE-4D60-9542-DF1371485B8B', 'Sala_Aulas_Mestrado');
insert into classroom_caracteristics values ('332B4359-F8DE-4D60-9542-DF1371485B8B', 'Sala_Aulas_Mestrado_Plus');
insert into classroom_caracteristics values ('332B4359-F8DE-4D60-9542-DF1371485B8B', 'Sala_de_Aulas_normal');
insert into classroom_caracteristics values ('332B4359-F8DE-4D60-9542-DF1371485B8B', 'videoconferencia');
insert into classroom_caracteristics values ('6B0E7399-CBB8-4E1A-8563-3AB2CA126C33', 'Horário_sala_visível_portal_público');
insert into classroom_caracteristics values ('6B0E7399-CBB8-4E1A-8563-3AB2CA126C33', 'Laboratório_de_Informática');
insert into classroom_caracteristics values ('F4C3F421-77A9-434F-A061-484EC51EF4E6', 'Horário_sala_visível_portal_público');
insert into classroom_caracteristics values ('F4C3F421-77A9-434F-A061-484EC51EF4E6', 'Laboratório_de_Informática');
insert into classroom_caracteristics values ('1D8FBAC4-9223-4E4D-934A-9FF79143E11A', 'Horário_sala_visível_portal_público');
insert into classroom_caracteristics values ('1D8FBAC4-9223-4E4D-934A-9FF79143E11A', 'Laboratório_de_Informática');
insert into classroom_caracteristics values ('0834F1AD-FA04-455B-9E79-C7F781149455', 'Horário_sala_visível_portal_público');
insert into classroom_caracteristics values ('0834F1AD-FA04-455B-9E79-C7F781149455', 'Laboratório_de_Informática');
insert into classroom_caracteristics values ('F6676C44-8439-4E34-ACF2-C8CA55407E19', 'BYOD_(Bring_Your_Own_Device)');
insert into classroom_caracteristics values ('F6676C44-8439-4E34-ACF2-C8CA55407E19', 'Horário_sala_visível_portal_público');
insert into classroom_caracteristics values ('F6676C44-8439-4E34-ACF2-C8CA55407E19', 'Sala_Aulas_Mestrado');
insert into classroom_caracteristics values ('F6676C44-8439-4E34-ACF2-C8CA55407E19', 'Sala_Aulas_Mestrado_Plus');
insert into classroom_caracteristics values ('F6676C44-8439-4E34-ACF2-C8CA55407E19', 'Sala_de_Aulas_normal');
insert into classroom_caracteristics values ('4AC0CD99-03B0-4E5E-B08C-BC38D8ED89A6', 'Horário_sala_visível_portal_público');
insert into classroom_caracteristics values ('4AC0CD99-03B0-4E5E-B08C-BC38D8ED89A6', 'Laboratório_de_Informática');
insert into classroom_caracteristics values ('CA7BD10C-4593-4142-9FCF-A376F6C00B8E', 'BYOD_(Bring_Your_Own_Device)');
insert into classroom_caracteristics values ('CA7BD10C-4593-4142-9FCF-A376F6C00B8E', 'Horário_sala_visível_portal_público');
insert into classroom_caracteristics values ('CA7BD10C-4593-4142-9FCF-A376F6C00B8E', 'Sala_Aulas_Mestrado');
insert into classroom_caracteristics values ('CA7BD10C-4593-4142-9FCF-A376F6C00B8E', 'Sala_Aulas_Mestrado_Plus');
insert into classroom_caracteristics values ('CA7BD10C-4593-4142-9FCF-A376F6C00B8E', 'Sala_de_Aulas_normal');
insert into classroom_caracteristics values ('9723DBA2-3712-4E75-A738-9DF12FA70A31', 'Horário_sala_visível_portal_público');
insert into classroom_caracteristics values ('666FFBCA-C38D-413E-A6A5-5DD1D333FAC2', 'Horário_sala_visível_portal_público');
insert into classroom_caracteristics values ('666FFBCA-C38D-413E-A6A5-5DD1D333FAC2', 'Laboratório_de_Informática');
insert into classroom_caracteristics values ('0CE33C42-4A4D-4F18-908A-B99168F367E7', 'Horário_sala_visível_portal_público');
insert into classroom_caracteristics values ('0CE33C42-4A4D-4F18-908A-B99168F367E7', 'Laboratório_de_Informática');
insert into classroom_caracteristics values ('F773C7C1-0D39-408E-A9CB-CB54788B998C', 'Horário_sala_visível_portal_público');
insert into classroom_caracteristics values ('F773C7C1-0D39-408E-A9CB-CB54788B998C', 'Laboratório_de_Informática');
insert into classroom_caracteristics values ('5B873C19-D9C9-4EDA-827E-B17682FB75B9', 'Horário_sala_visível_portal_público');
insert into classroom_caracteristics values ('5B873C19-D9C9-4EDA-827E-B17682FB75B9', 'Laboratório_de_Informática');
insert into classroom_caracteristics values ('0DA9CB9F-88BA-4402-B3E7-30184EDDF985', 'Horário_sala_visível_portal_público');
insert into classroom_caracteristics values ('0DA9CB9F-88BA-4402-B3E7-30184EDDF985', 'Laboratório_de_Informática');
insert into classroom_caracteristics values ('BFCBDEB3-0139-42CF-913D-91E1121A4679', 'Horário_sala_visível_portal_público');
insert into classroom_caracteristics values ('FC070B14-849A-46C8-A22F-06ACFFD0F10B', 'Horário_sala_visível_portal_público');
insert into classroom_caracteristics values ('FC070B14-849A-46C8-A22F-06ACFFD0F10B', 'videoconferencia');
insert into classroom_caracteristics values ('C1FC6C19-E2AA-4B27-AAA8-1D4CAF32565F', 'Anfiteatro_aulas');
insert into classroom_caracteristics values ('C1FC6C19-E2AA-4B27-AAA8-1D4CAF32565F', 'Horário_sala_visível_portal_público');
insert into classroom_caracteristics values ('C1FC6C19-E2AA-4B27-AAA8-1D4CAF32565F', 'Sala_Aulas_Mestrado');
insert into classroom_caracteristics values ('C1FC6C19-E2AA-4B27-AAA8-1D4CAF32565F', 'Sala_Aulas_Mestrado_Plus');
insert into classroom_caracteristics values ('C1FC6C19-E2AA-4B27-AAA8-1D4CAF32565F', 'Sala_de_Aulas_normal');
insert into classroom_caracteristics values ('C1FC6C19-E2AA-4B27-AAA8-1D4CAF32565F', 'videoconferencia');
insert into classroom_caracteristics values ('B9FD07AD-D0C5-4518-940F-56BFD300717F', 'Horário_sala_visível_portal_público');
insert into classroom_caracteristics values ('B9FD07AD-D0C5-4518-940F-56BFD300717F', 'Átrio');
insert into classroom_caracteristics values ('8EC9CD05-0E13-4485-96D8-69E099C62C7F', 'Horário_sala_visível_portal_público');
insert into classroom_caracteristics values ('8EC9CD05-0E13-4485-96D8-69E099C62C7F', 'Sala_Aulas_Mestrado');
insert into classroom_caracteristics values ('8EC9CD05-0E13-4485-96D8-69E099C62C7F', 'Sala_Aulas_Mestrado_Plus');
insert into classroom_caracteristics values ('8EC9CD05-0E13-4485-96D8-69E099C62C7F', 'Sala_de_Aulas_normal');
insert into classroom_caracteristics values ('8EC9CD05-0E13-4485-96D8-69E099C62C7F', 'videoconferencia');
insert into classroom_caracteristics values ('81E7A122-E402-49B3-B2F3-5CECAB907137', 'Horário_sala_visível_portal_público');
insert into classroom_caracteristics values ('81E7A122-E402-49B3-B2F3-5CECAB907137', 'Sala_Aulas_Mestrado');
insert into classroom_caracteristics values ('81E7A122-E402-49B3-B2F3-5CECAB907137', 'Sala_Aulas_Mestrado_Plus');
insert into classroom_caracteristics values ('81E7A122-E402-49B3-B2F3-5CECAB907137', 'Sala_de_Aulas_normal');
insert into classroom_caracteristics values ('81E7A122-E402-49B3-B2F3-5CECAB907137', 'videoconferencia');
insert into classroom_caracteristics values ('657F0282-E6CC-4170-8075-00EC104EA3E3', 'Horário_sala_visível_portal_público');
insert into classroom_caracteristics values ('657F0282-E6CC-4170-8075-00EC104EA3E3', 'Sala_Aulas_Mestrado');
insert into classroom_caracteristics values ('657F0282-E6CC-4170-8075-00EC104EA3E3', 'Sala_Aulas_Mestrado_Plus');
insert into classroom_caracteristics values ('657F0282-E6CC-4170-8075-00EC104EA3E3', 'Sala_de_Aulas_normal');
insert into classroom_caracteristics values ('657F0282-E6CC-4170-8075-00EC104EA3E3', 'videoconferencia');
insert into classroom_caracteristics values ('B111E014-CAE3-4E4D-9FF5-9C6424AA5B54', 'Horário_sala_visível_portal_público');
insert into classroom_caracteristics values ('B111E014-CAE3-4E4D-9FF5-9C6424AA5B54', 'Sala_Aulas_Mestrado');
insert into classroom_caracteristics values ('B111E014-CAE3-4E4D-9FF5-9C6424AA5B54', 'Sala_Aulas_Mestrado_Plus');
insert into classroom_caracteristics values ('B111E014-CAE3-4E4D-9FF5-9C6424AA5B54', 'Sala_de_Aulas_normal');
insert into classroom_caracteristics values ('24583B79-6937-4915-BB9B-F90241914538', 'Horário_sala_visível_portal_público');
insert into classroom_caracteristics values ('24583B79-6937-4915-BB9B-F90241914538', 'Sala_Reunião');
insert into classroom_caracteristics values ('59B1EBFE-D84A-4140-9CC0-FA39C8F73224', 'Horário_sala_visível_portal_público');
insert into classroom_caracteristics values ('59B1EBFE-D84A-4140-9CC0-FA39C8F73224', 'Sala_Provas');
insert into classroom_caracteristics values ('1C697EED-C92C-46C9-8E7D-096D5563B9B8', 'Horário_sala_visível_portal_público');
insert into classroom_caracteristics values ('E884636A-4B0B-49D6-A24C-20DDB4C847C5', 'Arq_1');
insert into classroom_caracteristics values ('E884636A-4B0B-49D6-A24C-20DDB4C847C5', 'Horário_sala_visível_portal_público');
insert into classroom_caracteristics values ('E884636A-4B0B-49D6-A24C-20DDB4C847C5', 'Sala_de_Arquitectura');
insert into classroom_caracteristics values ('90B5F2F5-F3C2-4703-B643-A3001B2F14ED', 'Arq_2');
insert into classroom_caracteristics values ('90B5F2F5-F3C2-4703-B643-A3001B2F14ED', 'Horário_sala_visível_portal_público');
insert into classroom_caracteristics values ('90B5F2F5-F3C2-4703-B643-A3001B2F14ED', 'Sala_de_Arquitectura');
insert into classroom_caracteristics values ('F59DC2D0-2A92-48C9-8DB4-687BB4F8AC92', 'Arq_3');
insert into classroom_caracteristics values ('F59DC2D0-2A92-48C9-8DB4-687BB4F8AC92', 'Horário_sala_visível_portal_público');
insert into classroom_caracteristics values ('F59DC2D0-2A92-48C9-8DB4-687BB4F8AC92', 'Sala_de_Arquitectura');
insert into classroom_caracteristics values ('E6D7F7EE-17BF-49A0-AEE7-0A3CF1C1D45D', 'Arq_4');
insert into classroom_caracteristics values ('E6D7F7EE-17BF-49A0-AEE7-0A3CF1C1D45D', 'Horário_sala_visível_portal_público');
insert into classroom_caracteristics values ('E6D7F7EE-17BF-49A0-AEE7-0A3CF1C1D45D', 'Sala_de_Arquitectura');
insert into classroom_caracteristics values ('B868762C-B012-40F9-ACC8-7D2A64DEC642', 'Arq_5');
insert into classroom_caracteristics values ('B868762C-B012-40F9-ACC8-7D2A64DEC642', 'Arq_9');
insert into classroom_caracteristics values ('B868762C-B012-40F9-ACC8-7D2A64DEC642', 'Horário_sala_visível_portal_público');
insert into classroom_caracteristics values ('B868762C-B012-40F9-ACC8-7D2A64DEC642', 'Sala_de_Arquitectura');
insert into classroom_caracteristics values ('D3C33F8D-C9BD-4671-8259-8CED860113A9', 'Arq_6');
insert into classroom_caracteristics values ('D3C33F8D-C9BD-4671-8259-8CED860113A9', 'Horário_sala_visível_portal_público');
insert into classroom_caracteristics values ('D3C33F8D-C9BD-4671-8259-8CED860113A9', 'Sala_de_Arquitectura');
insert into classroom_caracteristics values ('A8F63008-738F-4EDA-9ECF-1C7E139F4DFA', 'Horário_sala_visível_portal_público');
insert into classroom_caracteristics values ('A8F63008-738F-4EDA-9ECF-1C7E139F4DFA', 'Sala_Aulas_Mestrado');
insert into classroom_caracteristics values ('A8F63008-738F-4EDA-9ECF-1C7E139F4DFA', 'Sala_Aulas_Mestrado_Plus');
insert into classroom_caracteristics values ('A8F63008-738F-4EDA-9ECF-1C7E139F4DFA', 'Sala_de_Aulas_normal');
insert into classroom_caracteristics values ('A8F63008-738F-4EDA-9ECF-1C7E139F4DFA', 'videoconferencia');
insert into classroom_caracteristics values ('385665EA-FB17-473B-BC79-D4D83308FA1B', 'Horário_sala_visível_portal_público');
insert into classroom_caracteristics values ('385665EA-FB17-473B-BC79-D4D83308FA1B', 'Sala_Aulas_Mestrado');
insert into classroom_caracteristics values ('385665EA-FB17-473B-BC79-D4D83308FA1B', 'Sala_Aulas_Mestrado_Plus');
insert into classroom_caracteristics values ('385665EA-FB17-473B-BC79-D4D83308FA1B', 'Sala_de_Aulas_normal');
insert into classroom_caracteristics values ('385665EA-FB17-473B-BC79-D4D83308FA1B', 'videoconferencia');
insert into classroom_caracteristics values ('CA59A4C0-B358-40DB-8FD5-F2B0BEEFAB50', 'Horário_sala_visível_portal_público');
insert into classroom_caracteristics values ('CA59A4C0-B358-40DB-8FD5-F2B0BEEFAB50', 'Sala_Reunião');
insert into classroom_caracteristics values ('94E4F1B5-1707-473A-9E41-123F625F411F', 'Horário_sala_visível_portal_público');
insert into classroom_caracteristics values ('F2972757-A05F-4346-B6F6-6417945DCC4E', 'Horário_sala_visível_portal_público');
insert into classroom_caracteristics values ('F2972757-A05F-4346-B6F6-6417945DCC4E', 'Sala_Aulas_Mestrado');
insert into classroom_caracteristics values ('F2972757-A05F-4346-B6F6-6417945DCC4E', 'Sala_Aulas_Mestrado_Plus');
insert into classroom_caracteristics values ('F2972757-A05F-4346-B6F6-6417945DCC4E', 'Sala_de_Aulas_normal');
insert into classroom_caracteristics values ('F2972757-A05F-4346-B6F6-6417945DCC4E', 'videoconferencia');
insert into classroom_caracteristics values ('445223EC-A1C1-4DA1-AC9D-39F303A04F8B', 'Horário_sala_visível_portal_público');
insert into classroom_caracteristics values ('445223EC-A1C1-4DA1-AC9D-39F303A04F8B', 'Sala_Aulas_Mestrado');
insert into classroom_caracteristics values ('445223EC-A1C1-4DA1-AC9D-39F303A04F8B', 'Sala_Aulas_Mestrado_Plus');
insert into classroom_caracteristics values ('445223EC-A1C1-4DA1-AC9D-39F303A04F8B', 'Sala_de_Aulas_normal');
insert into classroom_caracteristics values ('445223EC-A1C1-4DA1-AC9D-39F303A04F8B', 'videoconferencia');
insert into classroom_caracteristics values ('869A2949-F7EA-46D4-ABAD-321E2CC12F44', 'Horário_sala_visível_portal_público');
insert into classroom_caracteristics values ('869A2949-F7EA-46D4-ABAD-321E2CC12F44', 'Sala_Reunião');
insert into classroom_caracteristics values ('2677CD10-CD12-4F58-B709-B74119BDC8B1', 'Horário_sala_visível_portal_público');
insert into classroom_caracteristics values ('2677CD10-CD12-4F58-B709-B74119BDC8B1', 'Sala_Reunião');
insert into classroom_caracteristics values ('FBC0429F-FB77-4391-A0FC-1536C1339100', 'Horário_sala_visível_portal_público');
insert into classroom_caracteristics values ('FBC0429F-FB77-4391-A0FC-1536C1339100', 'Sala_Aulas_Mestrado');
insert into classroom_caracteristics values ('FBC0429F-FB77-4391-A0FC-1536C1339100', 'Sala_Aulas_Mestrado_Plus');
insert into classroom_caracteristics values ('FBC0429F-FB77-4391-A0FC-1536C1339100', 'Sala_de_Aulas_normal');
insert into classroom_caracteristics values ('47A9A84F-244B-496B-9C64-41018C86FC7C', 'Horário_sala_visível_portal_público');
insert into classroom_caracteristics values ('47A9A84F-244B-496B-9C64-41018C86FC7C', 'Sala_Aulas_Mestrado');
insert into classroom_caracteristics values ('47A9A84F-244B-496B-9C64-41018C86FC7C', 'Sala_Aulas_Mestrado_Plus');
insert into classroom_caracteristics values ('47A9A84F-244B-496B-9C64-41018C86FC7C', 'Sala_de_Aulas_normal');
insert into classroom_caracteristics values ('47A9A84F-244B-496B-9C64-41018C86FC7C', 'videoconferencia');
insert into classroom_caracteristics values ('7B5E0CD2-60F6-41C9-8D32-4DB4C6EB7A30', 'Horário_sala_visível_portal_público');
insert into classroom_caracteristics values ('7B5E0CD2-60F6-41C9-8D32-4DB4C6EB7A30', 'Sala_Aulas_Mestrado');
insert into classroom_caracteristics values ('7B5E0CD2-60F6-41C9-8D32-4DB4C6EB7A30', 'Sala_Aulas_Mestrado_Plus');
insert into classroom_caracteristics values ('7B5E0CD2-60F6-41C9-8D32-4DB4C6EB7A30', 'Sala_de_Aulas_normal');
insert into classroom_caracteristics values ('7B5E0CD2-60F6-41C9-8D32-4DB4C6EB7A30', 'videoconferencia');
insert into classroom_caracteristics values ('1B1E9909-11AB-4740-ADAD-EDF3A5EC06D5', 'Horário_sala_visível_portal_público');
insert into classroom_caracteristics values ('1B1E9909-11AB-4740-ADAD-EDF3A5EC06D5', 'Sala_Aulas_Mestrado');
insert into classroom_caracteristics values ('1B1E9909-11AB-4740-ADAD-EDF3A5EC06D5', 'Sala_Aulas_Mestrado_Plus');
insert into classroom_caracteristics values ('1B1E9909-11AB-4740-ADAD-EDF3A5EC06D5', 'Sala_de_Aulas_normal');
insert into classroom_caracteristics values ('1B1E9909-11AB-4740-ADAD-EDF3A5EC06D5', 'videoconferencia');
insert into classroom_caracteristics values ('BC80B982-3BDA-4B52-A8E9-AF5199F751BA', 'Horário_sala_visível_portal_público');
insert into classroom_caracteristics values ('BC80B982-3BDA-4B52-A8E9-AF5199F751BA', 'Laboratório_de_Jornalismo');
insert into classroom_caracteristics values ('2287097D-9DCD-414C-835E-F3669E62F8E1', 'Horário_sala_visível_portal_público');
insert into classroom_caracteristics values ('2287097D-9DCD-414C-835E-F3669E62F8E1', 'Sala_Aulas_Mestrado');
insert into classroom_caracteristics values ('2287097D-9DCD-414C-835E-F3669E62F8E1', 'Sala_Aulas_Mestrado_Plus');
insert into classroom_caracteristics values ('2287097D-9DCD-414C-835E-F3669E62F8E1', 'Sala_de_Aulas_normal');
insert into classroom_caracteristics values ('2287097D-9DCD-414C-835E-F3669E62F8E1', 'videoconferencia');
insert into classroom_caracteristics values ('6B5FCF21-B9DF-4C7F-9D75-F512D8AC592F', 'Horário_sala_visível_portal_público');
insert into classroom_caracteristics values ('6B5FCF21-B9DF-4C7F-9D75-F512D8AC592F', 'Sala_Aulas_Mestrado');
insert into classroom_caracteristics values ('6B5FCF21-B9DF-4C7F-9D75-F512D8AC592F', 'Sala_Aulas_Mestrado_Plus');
insert into classroom_caracteristics values ('6B5FCF21-B9DF-4C7F-9D75-F512D8AC592F', 'Sala_de_Aulas_normal');
insert into classroom_caracteristics values ('6B5FCF21-B9DF-4C7F-9D75-F512D8AC592F', 'videoconferencia');
insert into classroom_caracteristics values ('5E3F1C22-B65F-44AE-8664-4493FD225D80', 'Horário_sala_visível_portal_público');
insert into classroom_caracteristics values ('5E3F1C22-B65F-44AE-8664-4493FD225D80', 'Sala_Reunião');
insert into classroom_caracteristics values ('B21DFF2A-9743-4ADD-BE24-8A735C845FAA', 'Horário_sala_visível_portal_público');
insert into classroom_caracteristics values ('6C944B5B-A68C-4CDB-BC13-500C0B0D97F5', 'Horário_sala_visível_portal_público');
insert into classroom_caracteristics values ('6C944B5B-A68C-4CDB-BC13-500C0B0D97F5', 'Sala_Aulas_Mestrado');
insert into classroom_caracteristics values ('6C944B5B-A68C-4CDB-BC13-500C0B0D97F5', 'Sala_Aulas_Mestrado_Plus');
insert into classroom_caracteristics values ('6C944B5B-A68C-4CDB-BC13-500C0B0D97F5', 'Sala_de_Aulas_normal');
insert into classroom_caracteristics values ('D2C41CF8-7DA6-40F0-8775-FC49A51DFB32', 'Horário_sala_visível_portal_público');
insert into classroom_caracteristics values ('D2C41CF8-7DA6-40F0-8775-FC49A51DFB32', 'Sala_Aulas_Mestrado');
insert into classroom_caracteristics values ('D2C41CF8-7DA6-40F0-8775-FC49A51DFB32', 'Sala_Aulas_Mestrado_Plus');
insert into classroom_caracteristics values ('D2C41CF8-7DA6-40F0-8775-FC49A51DFB32', 'Sala_de_Aulas_normal');
insert into classroom_caracteristics values ('D2C41CF8-7DA6-40F0-8775-FC49A51DFB32', 'videoconferencia');
insert into classroom_caracteristics values ('F81DB3EE-F0FE-45F4-9363-4E90154F4476', 'Horário_sala_visível_portal_público');
insert into classroom_caracteristics values ('F81DB3EE-F0FE-45F4-9363-4E90154F4476', 'Sala_Aulas_Mestrado');
insert into classroom_caracteristics values ('F81DB3EE-F0FE-45F4-9363-4E90154F4476', 'Sala_Aulas_Mestrado_Plus');
insert into classroom_caracteristics values ('F81DB3EE-F0FE-45F4-9363-4E90154F4476', 'Sala_de_Aulas_normal');
insert into classroom_caracteristics values ('F81DB3EE-F0FE-45F4-9363-4E90154F4476', 'videoconferencia');
insert into classroom_caracteristics values ('2CE874EF-5196-4BE8-B431-EEF82BBE6BB3', 'Horário_sala_visível_portal_público');
insert into classroom_caracteristics values ('2CE874EF-5196-4BE8-B431-EEF82BBE6BB3', 'Sala_Aulas_Mestrado');
insert into classroom_caracteristics values ('2CE874EF-5196-4BE8-B431-EEF82BBE6BB3', 'Sala_Aulas_Mestrado_Plus');
insert into classroom_caracteristics values ('2CE874EF-5196-4BE8-B431-EEF82BBE6BB3', 'Sala_de_Aulas_normal');
insert into classroom_caracteristics values ('2CE874EF-5196-4BE8-B431-EEF82BBE6BB3', 'videoconferencia');
insert into classroom_caracteristics values ('5259D9B1-19F5-41EF-8E39-0CF8FA251DCE', 'Horário_sala_visível_portal_público');
insert into classroom_caracteristics values ('5259D9B1-19F5-41EF-8E39-0CF8FA251DCE', 'Sala_Aulas_Mestrado');
insert into classroom_caracteristics values ('5259D9B1-19F5-41EF-8E39-0CF8FA251DCE', 'Sala_Aulas_Mestrado_Plus');
insert into classroom_caracteristics values ('5259D9B1-19F5-41EF-8E39-0CF8FA251DCE', 'Sala_de_Aulas_normal');
insert into classroom_caracteristics values ('5259D9B1-19F5-41EF-8E39-0CF8FA251DCE', 'videoconferencia');
insert into classroom_caracteristics values ('C7ECFAA3-E755-4766-A448-2FCA213ABE4A', 'Horário_sala_visível_portal_público');
insert into classroom_caracteristics values ('C7ECFAA3-E755-4766-A448-2FCA213ABE4A', 'Sala_Aulas_Mestrado');
insert into classroom_caracteristics values ('C7ECFAA3-E755-4766-A448-2FCA213ABE4A', 'Sala_Aulas_Mestrado_Plus');
insert into classroom_caracteristics values ('C7ECFAA3-E755-4766-A448-2FCA213ABE4A', 'Sala_de_Aulas_normal');
insert into classroom_caracteristics values ('C7ECFAA3-E755-4766-A448-2FCA213ABE4A', 'videoconferencia');
insert into classroom_caracteristics values ('38D32DB7-4A5E-4F2C-A1BB-374740332468', 'Horário_sala_visível_portal_público');
insert into classroom_caracteristics values ('38D32DB7-4A5E-4F2C-A1BB-374740332468', 'Sala_Aulas_Mestrado');
insert into classroom_caracteristics values ('38D32DB7-4A5E-4F2C-A1BB-374740332468', 'Sala_Aulas_Mestrado_Plus');
insert into classroom_caracteristics values ('38D32DB7-4A5E-4F2C-A1BB-374740332468', 'Sala_de_Aulas_normal');
insert into classroom_caracteristics values ('38D32DB7-4A5E-4F2C-A1BB-374740332468', 'videoconferencia');
insert into classroom_caracteristics values ('D61E5F91-2DA4-43DF-B2DB-63C9977033E6', 'Horário_sala_visível_portal_público');
insert into classroom_caracteristics values ('D61E5F91-2DA4-43DF-B2DB-63C9977033E6', 'Laboratório_de_Telecomunicações');
insert into classroom_caracteristics values ('D9788800-C7FE-4067-98C8-AD0EB2F2B410', 'BYOD_(Bring_Your_Own_Device)');
insert into classroom_caracteristics values ('D9788800-C7FE-4067-98C8-AD0EB2F2B410', 'Horário_sala_visível_portal_público');
insert into classroom_caracteristics values ('D9788800-C7FE-4067-98C8-AD0EB2F2B410', 'Sala_Aulas_Mestrado');
insert into classroom_caracteristics values ('D9788800-C7FE-4067-98C8-AD0EB2F2B410', 'Sala_Aulas_Mestrado_Plus');
insert into classroom_caracteristics values ('D9788800-C7FE-4067-98C8-AD0EB2F2B410', 'Sala_de_Aulas_normal');
insert into classroom_caracteristics values ('D9788800-C7FE-4067-98C8-AD0EB2F2B410', 'videoconferencia');
insert into classroom_caracteristics values ('A0C98408-EC51-4428-80DB-C199EF8B7AB0', 'BYOD_(Bring_Your_Own_Device)');
insert into classroom_caracteristics values ('A0C98408-EC51-4428-80DB-C199EF8B7AB0', 'Horário_sala_visível_portal_público');
insert into classroom_caracteristics values ('A0C98408-EC51-4428-80DB-C199EF8B7AB0', 'Sala_Aulas_Mestrado');
insert into classroom_caracteristics values ('A0C98408-EC51-4428-80DB-C199EF8B7AB0', 'Sala_Aulas_Mestrado_Plus');
insert into classroom_caracteristics values ('A0C98408-EC51-4428-80DB-C199EF8B7AB0', 'Sala_de_Aulas_normal');
insert into classroom_caracteristics values ('A0C98408-EC51-4428-80DB-C199EF8B7AB0', 'videoconferencia');
insert into classroom_caracteristics values ('E7718744-3673-48B8-83F4-AFB5672DA7E7', 'Horário_sala_visível_portal_público');
insert into classroom_caracteristics values ('E7718744-3673-48B8-83F4-AFB5672DA7E7', 'Laboratório_de_Telecomunicações');
insert into classroom_caracteristics values ('C60618A5-9C22-4809-8A12-7426FC05C4DC', 'Horário_sala_visível_portal_público');
insert into classroom_caracteristics values ('C60618A5-9C22-4809-8A12-7426FC05C4DC', 'Sala_Aulas_Mestrado');
insert into classroom_caracteristics values ('C60618A5-9C22-4809-8A12-7426FC05C4DC', 'Sala_Aulas_Mestrado_Plus');
insert into classroom_caracteristics values ('C60618A5-9C22-4809-8A12-7426FC05C4DC', 'Sala_de_Aulas_normal');
insert into classroom_caracteristics values ('C60618A5-9C22-4809-8A12-7426FC05C4DC', 'videoconferencia');
insert into classroom_caracteristics values ('48FAB044-426E-4F22-9F62-48724CE61B27', 'Horário_sala_visível_portal_público');
insert into classroom_caracteristics values ('48FAB044-426E-4F22-9F62-48724CE61B27', 'Laboratório_de_Arquitectura_de_Computadores_I');
insert into classroom_caracteristics values ('2C58D72B-0062-40B1-BE21-ED43C0DB8576', 'Horário_sala_visível_portal_público');
insert into classroom_caracteristics values ('2C58D72B-0062-40B1-BE21-ED43C0DB8576', 'Laboratório_de_Redes_de_Computadores_I');
insert into classroom_caracteristics values ('8C871808-E52E-401B-AFFF-0CBC77FFDBA8', 'Horário_sala_visível_portal_público');
insert into classroom_caracteristics values ('8C871808-E52E-401B-AFFF-0CBC77FFDBA8', 'Laboratório_de_Bases_de_Engenharia');
insert into classroom_caracteristics values ('A651C1E1-F07F-40D6-A834-7585D22B5884', 'Horário_sala_visível_portal_público');
insert into classroom_caracteristics values ('A651C1E1-F07F-40D6-A834-7585D22B5884', 'Laboratório_de_Electrónica');
insert into classroom_caracteristics values ('4AE4035A-F78A-48D4-8AE7-288ABD493D42', 'Horário_sala_visível_portal_público');
insert into classroom_caracteristics values ('4AE4035A-F78A-48D4-8AE7-288ABD493D42', 'Laboratório_de_Redes_de_Computadores_II');
insert into classroom_caracteristics values ('1289B53F-1464-4213-B302-C1E78074B27F', 'Horário_sala_visível_portal_público');
insert into classroom_caracteristics values ('1289B53F-1464-4213-B302-C1E78074B27F', 'Laboratório_de_Arquitectura_de_Computadores_II');
insert into classroom_caracteristics values ('4E569689-5E77-4743-B407-608B6CAAF8BA', 'Horário_sala_visível_portal_público');
insert into classroom_caracteristics values ('CFDA32E8-E346-41B8-9313-AEDBBAE50A40', 'Horário_sala_visível_portal_público');
insert into classroom_caracteristics values ('CFDA32E8-E346-41B8-9313-AEDBBAE50A40', 'Sala_Reunião');
insert into classroom_caracteristics values ('B0B3A921-9F34-4111-9520-E6DE94099214', 'Horário_sala_visível_portal_público');
insert into classroom_caracteristics values ('B0B3A921-9F34-4111-9520-E6DE94099214', 'Átrio');
insert into classroom_caracteristics values ('13F7BFAE-CF3B-41B8-9523-6A7BBF78D255', 'Horário_sala_visível_portal_público');
insert into classroom_caracteristics values ('13F7BFAE-CF3B-41B8-9523-6A7BBF78D255', 'Laboratório_de_Informática');
insert into classroom_caracteristics values ('7B1AC594-A185-45EB-9B00-9EA4D0FA27EA', 'Horário_sala_visível_portal_público');
insert into classroom_caracteristics values ('7B1AC594-A185-45EB-9B00-9EA4D0FA27EA', 'Laboratório_de_Informática');
insert into classroom_caracteristics values ('9566A0D2-F014-4C55-9899-2858895F8987', 'Anfiteatro_aulas');
insert into classroom_caracteristics values ('9566A0D2-F014-4C55-9899-2858895F8987', 'Horário_sala_visível_portal_público');
insert into classroom_caracteristics values ('9566A0D2-F014-4C55-9899-2858895F8987', 'Sala_Aulas_Mestrado');
insert into classroom_caracteristics values ('9566A0D2-F014-4C55-9899-2858895F8987', 'Sala_Aulas_Mestrado_Plus');
insert into classroom_caracteristics values ('9566A0D2-F014-4C55-9899-2858895F8987', 'Sala_de_Aulas_normal');
insert into classroom_caracteristics values ('9566A0D2-F014-4C55-9899-2858895F8987', 'videoconferencia');
insert into classroom_caracteristics values ('6E35DDC7-BCBB-4E46-A8F4-EEA1AC898A9B', 'Anfiteatro_aulas');
insert into classroom_caracteristics values ('6E35DDC7-BCBB-4E46-A8F4-EEA1AC898A9B', 'Horário_sala_visível_portal_público');
insert into classroom_caracteristics values ('6E35DDC7-BCBB-4E46-A8F4-EEA1AC898A9B', 'Sala_Aulas_Mestrado');
insert into classroom_caracteristics values ('6E35DDC7-BCBB-4E46-A8F4-EEA1AC898A9B', 'Sala_Aulas_Mestrado_Plus');
insert into classroom_caracteristics values ('6E35DDC7-BCBB-4E46-A8F4-EEA1AC898A9B', 'Sala_de_Aulas_normal');
insert into classroom_caracteristics values ('94A02690-6463-417C-AACC-C4EEFE9022F1', 'Anfiteatro_aulas');
insert into classroom_caracteristics values ('94A02690-6463-417C-AACC-C4EEFE9022F1', 'Horário_sala_visível_portal_público');
insert into classroom_caracteristics values ('94A02690-6463-417C-AACC-C4EEFE9022F1', 'Sala_Aulas_Mestrado');
insert into classroom_caracteristics values ('94A02690-6463-417C-AACC-C4EEFE9022F1', 'Sala_Aulas_Mestrado_Plus');
insert into classroom_caracteristics values ('94A02690-6463-417C-AACC-C4EEFE9022F1', 'Sala_de_Aulas_normal');
insert into classroom_caracteristics values ('B5BA2BD5-5EBD-456E-B0C5-0D1288F82CEF', 'Horário_sala_visível_portal_público');
insert into classroom_caracteristics values ('B5BA2BD5-5EBD-456E-B0C5-0D1288F82CEF', 'Sala_de_Aulas_normal');
insert into classroom_caracteristics values ('268C562B-2521-4877-AD8B-8DDED07A1A33', 'Horário_sala_visível_portal_público');
insert into classroom_caracteristics values ('268C562B-2521-4877-AD8B-8DDED07A1A33', 'Sala_de_Aulas_normal');
insert into classroom_caracteristics values ('3D3E2564-202E-43E0-B7F0-2BE1B3632F80', 'Horário_sala_visível_portal_público');
insert into classroom_caracteristics values ('3D3E2564-202E-43E0-B7F0-2BE1B3632F80', 'Sala_Aulas_Mestrado');
insert into classroom_caracteristics values ('3D3E2564-202E-43E0-B7F0-2BE1B3632F80', 'Sala_Aulas_Mestrado_Plus');
insert into classroom_caracteristics values ('3D3E2564-202E-43E0-B7F0-2BE1B3632F80', 'Sala_de_Aulas_normal');
insert into classroom_caracteristics values ('4674CC02-257F-48BC-9A16-AE8BE82487E1', 'Horário_sala_visível_portal_público');
insert into classroom_caracteristics values ('4674CC02-257F-48BC-9A16-AE8BE82487E1', 'Sala_Aulas_Mestrado');
insert into classroom_caracteristics values ('4674CC02-257F-48BC-9A16-AE8BE82487E1', 'Sala_Aulas_Mestrado_Plus');
insert into classroom_caracteristics values ('4674CC02-257F-48BC-9A16-AE8BE82487E1', 'Sala_de_Aulas_normal');
insert into classroom_caracteristics values ('7CF41C16-F0C4-474A-991C-49A71BD1A0BC', 'Horário_sala_visível_portal_público');
insert into classroom_caracteristics values ('7CF41C16-F0C4-474A-991C-49A71BD1A0BC', 'Sala_Aulas_Mestrado');
insert into classroom_caracteristics values ('7CF41C16-F0C4-474A-991C-49A71BD1A0BC', 'Sala_Aulas_Mestrado_Plus');
insert into classroom_caracteristics values ('7CF41C16-F0C4-474A-991C-49A71BD1A0BC', 'Sala_de_Aulas_normal');
insert into classroom_caracteristics values ('30737136-9BCE-48C0-ADBD-A308C4DB06E8', 'Horário_sala_visível_portal_público');
insert into classroom_caracteristics values ('30737136-9BCE-48C0-ADBD-A308C4DB06E8', 'Sala_Aulas_Mestrado');
insert into classroom_caracteristics values ('30737136-9BCE-48C0-ADBD-A308C4DB06E8', 'Sala_Aulas_Mestrado_Plus');
insert into classroom_caracteristics values ('30737136-9BCE-48C0-ADBD-A308C4DB06E8', 'Sala_de_Aulas_normal');
insert into classroom_caracteristics values ('0FE7E0A6-15D0-4069-9FA3-4BABFBE97B47', 'Horário_sala_visível_portal_público');
insert into classroom_caracteristics values ('0FE7E0A6-15D0-4069-9FA3-4BABFBE97B47', 'Sala_Aulas_Mestrado');
insert into classroom_caracteristics values ('0FE7E0A6-15D0-4069-9FA3-4BABFBE97B47', 'Sala_Aulas_Mestrado_Plus');
insert into classroom_caracteristics values ('0FE7E0A6-15D0-4069-9FA3-4BABFBE97B47', 'Sala_de_Aulas_normal');
insert into classroom_caracteristics values ('7D4A7622-7A8E-4E78-9596-7D22696F70C0', 'Horário_sala_visível_portal_público');
insert into classroom_caracteristics values ('7D4A7622-7A8E-4E78-9596-7D22696F70C0', 'Sala_Aulas_Mestrado');
insert into classroom_caracteristics values ('7D4A7622-7A8E-4E78-9596-7D22696F70C0', 'Sala_Aulas_Mestrado_Plus');
insert into classroom_caracteristics values ('7D4A7622-7A8E-4E78-9596-7D22696F70C0', 'Sala_de_Aulas_normal');
insert into classroom_caracteristics values ('2C76984B-422A-4166-9B2E-A8F0A3C5A742', 'Horário_sala_visível_portal_público');
insert into classroom_caracteristics values ('2C76984B-422A-4166-9B2E-A8F0A3C5A742', 'Átrio');
insert into classroom_caracteristics values ('A0606B42-BA62-41E1-89D5-5970D5C0298F', 'Anfiteatro_aulas');
insert into classroom_caracteristics values ('A0606B42-BA62-41E1-89D5-5970D5C0298F', 'Horário_sala_visível_portal_público');
insert into classroom_caracteristics values ('A0606B42-BA62-41E1-89D5-5970D5C0298F', 'Sala_Aulas_Mestrado');
insert into classroom_caracteristics values ('A0606B42-BA62-41E1-89D5-5970D5C0298F', 'Sala_Aulas_Mestrado_Plus');
insert into classroom_caracteristics values ('A0606B42-BA62-41E1-89D5-5970D5C0298F', 'Sala_de_Aulas_normal');
insert into classroom_caracteristics values ('407DF8FF-E675-4E0A-8EB0-44CCB42C2DA9', 'Apoio_técnico_eventos');
insert into classroom_caracteristics values ('407DF8FF-E675-4E0A-8EB0-44CCB42C2DA9', 'Horário_sala_visível_portal_público');
insert into classroom_caracteristics values ('ADAE3F06-FDAB-4FD2-8B69-2EC43A7E9BBF', 'Horário_sala_visível_portal_público');
insert into classroom_caracteristics values ('ADAE3F06-FDAB-4FD2-8B69-2EC43A7E9BBF', 'Sala_Aulas_Mestrado');
insert into classroom_caracteristics values ('ADAE3F06-FDAB-4FD2-8B69-2EC43A7E9BBF', 'Sala_Aulas_Mestrado_Plus');
insert into classroom_caracteristics values ('ADAE3F06-FDAB-4FD2-8B69-2EC43A7E9BBF', 'Sala_de_Aulas_normal');
insert into classroom_caracteristics values ('07C61337-C23D-4C32-B9C0-1A235970DD90', 'Horário_sala_visível_portal_público');
insert into classroom_caracteristics values ('07C61337-C23D-4C32-B9C0-1A235970DD90', 'Sala_Aulas_Mestrado');
insert into classroom_caracteristics values ('07C61337-C23D-4C32-B9C0-1A235970DD90', 'Sala_Aulas_Mestrado_Plus');
insert into classroom_caracteristics values ('07C61337-C23D-4C32-B9C0-1A235970DD90', 'Sala_de_Aulas_normal');
insert into classroom_caracteristics values ('BDB7BB4A-248D-4B0C-B838-6886E20073C8', 'Horário_sala_visível_portal_público');
insert into classroom_caracteristics values ('BDB7BB4A-248D-4B0C-B838-6886E20073C8', 'Sala_Aulas_Mestrado');
insert into classroom_caracteristics values ('BDB7BB4A-248D-4B0C-B838-6886E20073C8', 'Sala_Aulas_Mestrado_Plus');
insert into classroom_caracteristics values ('BDB7BB4A-248D-4B0C-B838-6886E20073C8', 'Sala_de_Aulas_normal');
insert into classroom_caracteristics values ('BDC2F431-C39E-416D-AA73-CA90349B0865', 'Horário_sala_visível_portal_público');
insert into classroom_caracteristics values ('BDC2F431-C39E-416D-AA73-CA90349B0865', 'Sala_Aulas_Mestrado');
insert into classroom_caracteristics values ('BDC2F431-C39E-416D-AA73-CA90349B0865', 'Sala_Aulas_Mestrado_Plus');
insert into classroom_caracteristics values ('BDC2F431-C39E-416D-AA73-CA90349B0865', 'Sala_de_Aulas_normal');
insert into classroom_caracteristics values ('2D986C06-AC14-40C3-A589-7EEA3765F6FD', 'Horário_sala_visível_portal_público');
insert into classroom_caracteristics values ('2D986C06-AC14-40C3-A589-7EEA3765F6FD', 'Sala_Aulas_Mestrado');
insert into classroom_caracteristics values ('2D986C06-AC14-40C3-A589-7EEA3765F6FD', 'Sala_Aulas_Mestrado_Plus');
insert into classroom_caracteristics values ('2D986C06-AC14-40C3-A589-7EEA3765F6FD', 'Sala_de_Aulas_normal');
insert into classroom_caracteristics values ('3D0E05D2-BD6F-4C0E-BE50-C49F1E7AEE1C', 'Horário_sala_visível_portal_público');
insert into classroom_caracteristics values ('3D0E05D2-BD6F-4C0E-BE50-C49F1E7AEE1C', 'Sala_Aulas_Mestrado');
insert into classroom_caracteristics values ('3D0E05D2-BD6F-4C0E-BE50-C49F1E7AEE1C', 'Sala_Aulas_Mestrado_Plus');
insert into classroom_caracteristics values ('3D0E05D2-BD6F-4C0E-BE50-C49F1E7AEE1C', 'Sala_de_Aulas_normal');
insert into classroom_caracteristics values ('961E9F1E-9300-4992-97B9-20BD92F237B7', 'Horário_sala_visível_portal_público');
insert into classroom_caracteristics values ('961E9F1E-9300-4992-97B9-20BD92F237B7', 'Sala_Aulas_Mestrado');
insert into classroom_caracteristics values ('961E9F1E-9300-4992-97B9-20BD92F237B7', 'Sala_Aulas_Mestrado_Plus');
insert into classroom_caracteristics values ('961E9F1E-9300-4992-97B9-20BD92F237B7', 'Sala_de_Aulas_normal');
insert into classroom_caracteristics values ('9AA89D27-64C7-414F-86A0-6C03D43AF8A4', 'Horário_sala_visível_portal_público');
insert into classroom_caracteristics values ('9AA89D27-64C7-414F-86A0-6C03D43AF8A4', 'Sala_Aulas_Mestrado');
insert into classroom_caracteristics values ('9AA89D27-64C7-414F-86A0-6C03D43AF8A4', 'Sala_Aulas_Mestrado_Plus');
insert into classroom_caracteristics values ('9AA89D27-64C7-414F-86A0-6C03D43AF8A4', 'Sala_de_Aulas_normal');
insert into classroom_caracteristics values ('9D8C65D5-97A8-44FA-99C1-D798CA39D3F3', 'Anfiteatro_aulas');
insert into classroom_caracteristics values ('9D8C65D5-97A8-44FA-99C1-D798CA39D3F3', 'Horário_sala_visível_portal_público');
insert into classroom_caracteristics values ('9D8C65D5-97A8-44FA-99C1-D798CA39D3F3', 'Sala_Aulas_Mestrado');
insert into classroom_caracteristics values ('9D8C65D5-97A8-44FA-99C1-D798CA39D3F3', 'Sala_Aulas_Mestrado_Plus');
insert into classroom_caracteristics values ('9D8C65D5-97A8-44FA-99C1-D798CA39D3F3', 'Sala_de_Aulas_normal');
insert into classroom_caracteristics values ('85C08336-A02B-444B-88BC-94C3E1490549', 'Anfiteatro_aulas');
insert into classroom_caracteristics values ('85C08336-A02B-444B-88BC-94C3E1490549', 'Horário_sala_visível_portal_público');
insert into classroom_caracteristics values ('85C08336-A02B-444B-88BC-94C3E1490549', 'Sala_Aulas_Mestrado');
insert into classroom_caracteristics values ('85C08336-A02B-444B-88BC-94C3E1490549', 'Sala_Aulas_Mestrado_Plus');
insert into classroom_caracteristics values ('85C08336-A02B-444B-88BC-94C3E1490549', 'Sala_de_Aulas_normal');
insert into classroom_caracteristics values ('79689361-A4C1-4884-94D4-4B97F0FCAC65', 'Horário_sala_visível_portal_público');
insert into classroom_caracteristics values ('C7DE0559-AFBA-4B2B-810F-2E64B5606245', 'Horário_sala_visível_portal_público');
insert into classroom_caracteristics values ('5CADD1A8-D580-40C2-912C-A46D74D07337', 'Horário_sala_visível_portal_público');